Date,CAFCA,CBZ,RIO ZIM,DAIRIBORD,DELTA,ECONET,FIDELITY,INNSCOR,TURNALL,MEIK
2020-01-02,1.78,0.7,2.35,0.43,3.41,1.49,0.09,3.54,0.11,2.54
2020-01-03,1.78,0.7,2.35,0.43,3.46,1.5,0.09,3.55,0.11,2.54
2020-01-06,1.78,0.69,2.7,0.43,3.46,1.5,0.09,3.56,0.11,2.55
2020-01-07,1.78,0.69,2.25,0.43,3.46,1.5,0.09,3.57,0.11,2.55
2020-01-08,1.78,0.69,2.25,0.43,3.46,1.5,0.09,3.57,0.11,2.6
2020-01-09,2,0.69,2.25,0.43,3.45,1.5,0.09,3.57,0.11,2.6
2020-01-10,2,0.69,2.25,0.43,3.45,1.51,0.09,3.57,0.11,2.6
2020-01-13,2,0.69,2.25,0.43,3.48,1.51,0.09,3.57,0.11,2.6
2020-01-14,2,0.69,2.25,0.43,3.5,1.55,0.09,3.59,0.11,2.65
2020-01-15,2,0.69,2.25,0.46,3.5,1.54,0.09,3.6,0.11,2.7
2020-01-16,2,0.69,2.25,0.53,3.5,1.56,0.09,3.6,0.12,2.75
2020-01-17,2,0.69,2.25,0.53,3.49,1.56,0.09,3.64,0.12,2.75
2020-01-21,2,0.69,2.25,0.53,3.49,1.58,0.09,3.65,0.13,2.8
2020-01-22,2,0.66,2.25,0.53,3.5,1.6,0.09,3.65,0.11,2.8
2020-01-23,2,0.62,2.31,0.55,3.5,1.6,0.09,3.69,0.11,3
2020-01-24,2,0.64,2.31,0.58,3.5,1.65,0.09,3.71,0.11,2.81
2020-01-27,2,0.64,2.31,0.58,3.5,1.68,0.09,3.82,0.11,3.05
2020-01-28,2,0.64,2.31,0.58,3.51,1.72,0.09,3.71,0.11,3.1
2020-01-29,2,0.64,2.31,0.61,3.66,1.85,0.09,3.88,0.11,3.65
2020-01-30,2,0.67,2.31,0.61,4,1.98,0.09,3.9,0.11,3.1
2020-01-31,2.4,0.67,2.45,0.61,4.22,2.12,0.09,4,0.11,3.1
2020-02-03,2.4,0.73,2.32,0.58,5.06,2.49,0.09,4.5,0.11,3.5
2020-02-04,2.4,0.8,2.32,0.7,4.45,2.29,0.09,4.49,0.11,3.5
2020-02-05,2.88,0.8,2.35,0.7,4.5,2.28,0.09,4.39,0.11,3.5
2020-02-06,2.88,0.8,2.35,0.7,4.5,2.25,0.09,4.5,0.11,3.5
2020-02-07,2.88,0.8,2.35,0.56,4.67,2.2,0.09,4.51,0.11,3.5
2020-02-10,2.88,0.8,2.35,0.57,5.28,2.19,0.1,4.57,0.11,3.5
2020-02-11,2.88,0.8,2.35,0.57,5.25,2.43,0.1,4.57,0.11,3.52
2020-02-12,3.46,0.8,2.35,0.57,5.8,2.43,0.1,5,0.11,4
2020-02-13,4.15,0.8,2.35,0.57,6.02,2.51,0.1,5.33,0.11,4.8
2020-02-14,4.97,0.96,2.82,0.57,7.22,2.99,0.1,5.55,0.11,5.76
2020-02-18,5.97,1.05,3.38,0.57,8.66,3.54,0.1,6.66,0.11,6.91
2020-02-19,6.75,1.05,3.38,0.57,8.66,3.69,0.1,7,0.14,8.28
2020-02-20,8.1,1.05,3.38,0.68,8.5,3.68,0.11,7,0.14,8.5
2020-02-21,8.28,1.06,3.39,0.82,8.05,3.36,0.11,7,0.14,8.5
2020-02-24,9.93,1.07,3.39,0.82,7.53,3.05,0.11,7,0.14,8.5
2020-02-25,9.93,1.07,4.07,0.98,7.51,3,0.11,7,0.14,8.5
2020-02-26,9.93,1.07,4.7,0.86,7.4,2.95,0.11,7,0.14,8.5
2020-02-27,9.93,1,4.7,0.86,7.13,2.9,0.11,7.05,0.14,8.5
2020-02-28,9.93,1,4.7,0.86,6.98,2.8,0.11,7.14,0.14,8.49
2020-03-02,9.93,1.06,4.7,0.86,6.57,2.8,0.11,7.23,0.14,8.39
2020-03-03,11.91,1.06,4.7,0.86,6.5,2.79,0.11,7.26,0.14,8.5
2020-03-04,14.25,1.06,4.7,0.86,6.3,2.79,0.11,7.49,0.14,8.5
2020-03-05,14.25,1.06,4.7,0.86,6,2.75,0.11,7.55,0.14,8.5
2020-03-06,14.25,1.28,5.1,0.7,5.82,2.7,0.11,7.65,0.14,7
2020-03-09,14.25,1.46,5.1,0.7,5.95,2.68,0.11,7.67,0.14,7
2020-03-10,14.25,1.46,5.1,0.75,6.28,2.51,0.11,7.67,0.16,7
2020-03-11,15,1.46,5.1,0.75,6.52,2.7,0.11,7.81,0.16,7
2020-03-12,15,1.46,6.12,0.67,7.08,2.85,0.11,8.08,0.18,8
2020-03-13,18,1.46,7.34,0.67,7.39,2.84,0.11,8.21,0.15,8.4
2020-03-16,19,1.5,7.34,0.57,7.47,3.02,0.11,8.41,0.15,9.73
2020-03-17,19,1.5,6.12,0.57,6.88,2.95,0.11,8.41,0.15,8.58
2020-03-18,19,1.51,6.12,0.57,6.48,2.68,0.11,8.11,0.12,8
2020-03-19,19,1.51,6.12,0.57,6.31,2.65,0.11,8,0.12,6.55
2020-03-20,19,1.52,6.12,0.57,6.29,2.61,0.11,7.85,0.12,7.23
2020-03-23,19,1.52,6.12,0.57,6.66,2.6,0.11,8,0.12,7.85
2020-03-24,19,1.53,6.12,0.57,7.05,3,0.11,8.05,0.12,7.09
2020-03-25,19,1.54,6.14,0.57,7.05,2.81,0.11,8.05,0.12,8.5
2020-03-26,19,1.54,6.13,0.62,6.77,2.62,0.11,7.76,0.1,7.82
2020-03-27,19,1.54,6.12,0.63,6.44,2.49,0.11,7.76,0.1,7.46
2020-03-30,19,1.54,6.14,0.54,6.25,2.51,0.14,7.5,0.1,8.1
2020-03-31,19,1.54,6.14,0.54,6.25,2.55,0.14,7.5,0.1,7.99
2020-04-01,19,1.54,6.14,0.54,6.25,2.65,0.14,7.5,0.1,7.99
2020-04-02,19,1.54,6.14,0.54,6.36,2.65,0.14,7.65,0.1,8
2020-04-03,19,1.54,6.14,0.6,6.21,2.75,0.14,7.52,0.1,8
2020-04-06,19,1.54,6.14,0.6,6.19,2.8,0.14,7.48,0.1,8
2020-04-07,19,1.59,6.14,0.6,6.13,2.81,0.16,7.3,0.1,8
2020-04-08,19,1.8,6.14,0.72,6.15,3,0.16,7.25,0.1,7.11
2020-04-09,19,1.8,6.14,0.72,6.15,2.94,0.16,7.25,0.1,7.11
2020-04-13,19,1.8,6.14,0.86,6.13,3.02,0.16,7.25,0.1,7.08
2020-04-14,19,1.8,5.7,0.69,6.16,3,0.16,7.25,0.1,6.4
2020-04-15,19,1.8,5.1,0.69,6.15,3.01,0.16,7.25,0.1,5.8
2020-04-16,19,1.8,4.8,0.69,6.08,3.02,0.16,7.25,0.1,5.8
2020-04-17,19,1.8,4.8,0.72,6,3.08,0.16,7.26,0.1,6
2020-04-20,19,1.8,4.8,0.72,6,3.17,0.16,7.2,0.1,6
2020-04-21,19,2,5.75,0.72,6.01,3.1,0.16,7.15,0.1,6
2020-04-22,19,2,5.75,0.72,5.97,3.1,0.16,7.15,0.1,6
2020-04-23,19,2,5.05,0.76,5.95,3.11,0.16,7.16,0.12,6
2020-04-24,19,2.05,5.05,0.8,5.9,3.25,0.16,7.17,0.12,6
2020-04-27,19,2.05,5.05,0.8,5.86,3.3,0.16,7.16,0.14,6
2020-04-28,19,2.05,6.06,0.8,5.85,3.3,0.16,7.16,0.17,6
2020-04-29,19,2.05,6.06,0.83,5.85,3.25,0.16,7.17,0.18,6.01
2020-04-30,19,2.05,6.06,0.92,5.8,3.25,0.16,7.16,0.18,6.15
2020-05-01,18,2.05,5.5,0.92,5.81,3.25,0.16,7.16,0.22,6.15
2020-05-04,18,2.05,5.59,1.1,5.82,3.26,0.19,7.16,0.22,6.15
2020-05-05,18,2.05,5.59,1.1,5.86,3.26,0.19,7.17,0.26,6.5
2020-05-06,18,2.3,5.59,1.32,6.31,3.25,0.19,7.25,0.3,6.5
2020-05-07,20,2.76,5.59,1.5,7.55,3.25,0.19,7.25,0.3,6.58
2020-05-08,20,2.76,6.71,1.58,6.89,3.9,0.19,7.25,0.3,6.58
2020-05-11,20,2.76,7.5,1.58,8.25,4.68,0.19,7.52,0.36,6.58
2020-05-12,20,3.31,9,1.58,9.01,4.98,0.19,7.97,0.43,6.58
2020-05-13,20,3.95,9,1.9,9.91,5,0.19,8.42,0.52,7.75
2020-05-14,24,4.74,10.5,2,10.11,5.01,0.19,10.1,0.62,9.3
2020-05-15,24,5.5,12,2.4,10.17,5.26,0.19,11.6,0.57,9.5
2020-05-18,24,5.51,9.6,2.42,10.58,5.51,0.19,11.61,0.69,9.61
2020-05-19,28.75,6.61,7.8,2.88,12.01,5.6,0.19,13.85,0.7,10.18
2020-05-20,28.75,7.93,7.8,2.94,14.37,5.96,0.19,16.42,0.75,9.96
2020-05-21,28.75,9.51,7.8,2.5,14.8,6.3,0.19,16.6,0.75,9.96
2020-05-22,28.75,10.45,7.8,2.97,15.33,7.09,0.19,17.71,0.75,11.94
2020-05-26,28.75,11.06,8.05,3.57,15.36,7.59,0.19,21.25,0.8,11.94
2020-05-27,28.75,13.25,8.05,3.57,18.4,7.51,0.19,25.01,0.7,11.9
2020-05-28,28.75,13.16,9.64,4.06,21.71,8.42,0.19,25.94,0.7,12.14
2020-05-29,34.5,15.75,10.5,4.87,25.87,9.41,0.19,28.25,0.84,13.5
2020-06-01,34.5,15.75,10.5,4.87,25.01,9.47,0.19,25.97,0.84,13.87
2020-06-02,34.5,15.85,11.08,5.78,29.05,9.96,0.19,26.22,0.84,13.61
2020-06-03,34.5,16,11.08,5.78,29.71,9.89,0.19,26.27,0.84,15
2020-06-04,39,17.49,11.08,6.5,24.65,9.82,0.19,24.85,0.84,15
2020-06-05,43,17.5,11.08,6.51,24.68,9.63,0.19,20.14,0.84,15
2020-06-08,43,21,12,6.01,24.81,9,0.19,20,0.84,15
2020-06-09,43,21,12.05,7.2,24.95,8.88,0.19,21.11,0.84,12
2020-06-10,46,22,12.3,6,25.05,8.78,0.19,22,0.84,12
2020-06-11,46,24.72,12,6,24.65,8.79,0.19,22.21,0.89,13.55
2020-06-12,46,29.65,10.5,6.01,22.92,8.47,0.19,22.5,1,15.05
2020-06-15,46,34.66,10.5,6.8,23.08,8.45,0.19,22.53,1,16
2020-06-16,50,33.86,10.5,6.85,24.83,8.4,0.19,22.8,1,16.05
2020-06-17,50,34,10.5,7,25.53,8.6,0.19,22.84,1,16.04
2020-06-18,55,32,11.25,7,26.93,8.62,0.19,22.51,1,16.5
2020-06-19,55,30.52,11.25,7,26.51,8.6,0.19,22.55,1,16.5
2020-06-22,60,30,11.25,8.39,24.04,8.59,0.19,22.5,1,16.51
2020-06-23,60,29.97,11.34,8.43,24.87,8.58,0.19,22.05,1,16.51
2020-06-24,60,29.97,10,8.43,21.34,8.3,0.19,21.33,1,14
2020-06-25,60,29.97,8,6.75,19.59,8.1,0.19,20.79,0.8,12.5
2020-06-26,60,29.97,6.4,6.75,17.73,8.05,0.19,17.71,0.8,13
2020-06-29,60,29.97,6.4,6.75,16.1,7.81,0.19,17.02,0.66,13
2020-06-30,60,24,6.4,5.7,15.5,7.07,0.19,16.94,0.64,13.25
2020-07-01,60,22.58,6.4,4.56,15.9,6.13,0.19,16.5,0.64,13.25
2020-07-02,60,19.71,7.5,4.56,15.91,5.77,0.23,16.15,0.64,13.25
2020-07-06,60,20.55,7.5,4.7,15.93,5.49,0.28,15.99,0.56,12.65
2020-07-07,60,21.96,7.5,4.7,15.89,5.08,0.33,15.35,0.56,12.65
2020-07-08,60,24.87,7.5,4.7,15.85,4.95,0.33,14.94,0.56,12.2
2020-07-09,60,23.07,7.5,4.7,15.75,4.8,0.33,14.66,0.56,12
2020-07-10,60,22.37,7,4.7,15.12,4.62,0.33,13.45,0.56,11.98
2020-07-13,60,24,7,5.3,14.73,4.54,0.33,13.41,0.56,12
2020-07-14,60,24,7,4.76,14.46,4.5,0.33,13.14,0.56,12.2
2020-07-15,60,23.32,7,4.76,14.35,4.5,0.33,13.19,0.56,11.53
2020-07-16,60,23.32,7,4.85,15.04,4.64,0.39,14.81,0.56,11.8
2020-07-17,61,26.95,7.51,4.9,15.85,4.7,0.39,17.49,0.67,11.8
2020-07-20,61,27.95,7.51,4.9,16.53,4.8,0.47,17.5,0.67,13
2020-07-21,62,31.2,7.51,5,17.17,4.51,0.47,17.54,0.81,13
2020-07-22,61,33.66,7.51,6,18.85,4.51,0.56,17.54,0.81,13
2020-07-23,61,33.15,7.51,6,19.23,4.5,0.68,17.82,0.81,14.01
2020-07-24,61,34.71,8.5,6.05,21.73,4.5,0.81,19.09,0.81,14.01
2020-07-27,61,35.68,8.5,6.35,25.25,4.75,0.81,21.37,0.8,14.01
2020-07-28,61,35.68,8.5,6.35,25.52,4.75,0.81,21.84,0.8,14.01
2020-07-29,61,40.19,8.5,7.6,24.31,4.94,0.81,21.99,0.8,14.52
2020-07-30,61,47.25,10.2,8.77,23.92,5,0.81,22.01,0.8,14.6
2020-07-31,61,53.79,10.14,10.41,22.38,5,0.81,21.96,0.8,15.29
2020-08-03,61,55.99,10.5,11,21.59,5.01,0.81,21.88,0.8,16.8
2020-08-04,61,56,10.5,10.94,18.43,5.05,0.81,20.77,0.81,16.9
2020-08-05,61,53.88,12.01,10.95,17.96,5,0.81,20.33,0.8,17.32
2020-08-06,61,53.88,12.01,10.4,17.47,5.09,0.9,20.11,0.94,16.92
2020-08-07,61,55.21,12.05,9.97,16.99,5,0.9,18.26,0.93,14.05
2020-08-10,61,55.21,11.92,9,17.22,5,0.9,17.02,0.8,14.05
2020-08-11,61,55.21,12.1,8.95,17,5,0.9,17,0.8,14
2020-08-12,61,55.21,12.1,9.35,16.98,5,0.9,16.91,0.8,14.05
2020-08-13,61,55.21,12,9.49,16.99,5.02,0.9,17.01,0.64,16
2020-08-14,61,55.21,10,9.49,17,5.01,0.9,17.13,0.64,14.5
2020-08-17,61,55.21,10,9.49,16.99,4.99,0.9,17.76,0.6,15
2020-08-18,61,44.2,11.39,9.49,17.01,4.98,0.96,19.68,0.52,15.03
2020-08-19,61,52.9,11.39,9.49,16.88,4.94,0.96,19.89,0.52,15
2020-08-20,61,52.9,11.39,9.47,17.01,4.84,0.96,19.15,0.52,14
2020-08-21,61,52.9,9.2,9.15,17,4.8,0.96,20,0.52,14.45
2020-08-24,61,42.35,9.2,8.99,17,4.8,0.96,19.91,0.52,14.45
2020-08-25,61,42.35,9.2,8.99,16.94,4.72,0.96,19.9,0.52,15
2020-08-26,61,40,9.2,8.43,16.9,4.7,0.96,18.41,0.52,15.05
2020-08-27,61,40,9.2,8.44,16.64,4.73,0.96,18.28,0.52,15.05
2020-08-28,61,40,9.22,8.4,16.5,4.81,0.96,18.77,0.52,15.7
2020-08-31,61,39.95,8.89,8.44,16.38,4.8,1.15,18.96,0.52,15.7
2020-09-01,61,39.95,8.89,8.44,16.38,4.8,1.15,18.96,0.52,15.7
2020-09-02,61,38.6,8.89,8.44,15.9,4.6,1.15,18.6,0.62,15.36
2020-09-03,61,38.26,8.89,8.44,15.76,4.53,1.15,18.92,0.62,15.36
2020-09-04,61,38,8.89,8.44,15.45,4.51,1.15,18.91,0.58,15.36
2020-09-08,61,38,8.3,8.45,15.19,4.45,1.15,19.02,0.58,15.11
2020-09-09,60.88,41.16,8.3,8.45,14.89,4.37,1.38,19.1,0.58,15.09
2020-09-10,60.88,43.91,8.3,8.45,14.98,4.35,1.38,19.1,0.58,15.11
2020-09-11,60.88,39,8.3,9,15.07,4.28,1.38,19.1,0.58,15.1
2020-09-14,60.88,44.7,8.3,8.51,15.1,4.24,1.38,19.09,0.57,15.1
2020-09-15,60.88,44.7,8.3,9,15.1,4.01,1.38,19.1,0.57,15.15
2020-09-16,60.88,35.8,9.75,9,15.03,4.07,1.46,19.1,0.57,15.29
2020-09-17,60.88,35.8,9.75,9,15,4.01,1.45,19.06,0.57,15.15
2020-09-18,60.88,39.95,9.75,9,14.92,4,1.45,18.94,0.57,15.2
2020-09-21,60.88,39.95,9.75,9,14.83,3.96,1.45,18.81,0.57,15.15
2020-09-22,60.88,40.17,8.5,9,14.8,4,1.45,19.01,0.57,15.15
2020-09-23,60.88,44.45,8.5,8.33,14.79,3.99,1.45,20.91,0.57,15.2
2020-09-24,60.88,44.45,8.5,8,14.75,4,1.45,19.54,0.57,15.36
2020-09-25,60.88,43.9,8.5,8.01,14.75,4,1.45,20.96,0.57,15.5
2020-09-28,61,43.86,8.5,8,14.75,4,1.45,21.01,0.57,15.5
2020-09-29,61,43.9,8.5,8,14.75,3.99,1.45,21.62,0.57,15.5
2020-09-30,61,43.9,8.5,8,14.78,3.99,1.45,24.49,0.57,16
2020-10-01,61,43.9,8.5,9,15.02,3.98,1.4,26.73,0.57,16
2020-10-02,61,43.9,8.5,9,17,3.96,1.4,25.98,0.58,16
2020-10-05,61,43.9,8.5,9,17.05,3.95,1.4,25.19,0.58,16
2020-10-06,61,43.9,8.5,9,17.29,3.95,1.4,25.02,0.58,16
2020-10-07,61,39,8.5,8.98,19.29,4.11,1.5,25.01,0.6,16
2020-10-08,61,37.08,8.5,8.9,22.73,4.81,1.5,25.02,0.6,16
2020-10-09,61,35.15,8.5,8.86,23.96,5.05,1.5,25,0.68,16
2020-10-12,61,39.99,8.5,7.99,23.01,5,1.5,25,0.6,16.96
2020-10-13,61,39.99,8.5,8.5,20.09,5.04,1.5,24.25,0.68,16
2020-10-14,61,37.25,7.73,8.5,19.8,5,1.5,23.54,0.68,16.5
2020-10-15,62,37,7.73,8.5,18.24,5,1.5,23,0.68,16.05
2020-10-16,62,37,7.73,8.5,17.4,5.05,1.5,23.12,0.68,16.05
2020-10-19,61.06,36.95,7.73,8.5,17.29,5.02,1.2,23,0.68,16.1
2020-10-20,73.25,36.95,7.73,9.1,17.31,5.05,1.2,23.03,0.78,16.06
2020-10-21,73.25,33.1,7.73,9.09,17.36,5.05,1.2,23.6,0.78,16.06
2020-10-22,75,35.2,7.73,9.06,17.59,5.45,1.2,25,0.81,16.06
2020-10-23,75,33.7,7.73,8,20.15,5.65,1.44,27.93,0.81,16.06
2020-10-26,75,33.1,7.5,8,20.39,5.85,1.56,28.07,0.81,17.3
2020-10-27,75,33,9,8,22.02,6.5,1.6,30.01,0.78,17.3
2020-10-28,75,38.48,10.76,8.83,23.44,6.77,1.6,30.33,0.78,17.35
2020-10-29,75,44.08,10.76,8.83,24,7,1.5,30.95,0.78,20
2020-10-30,75,45.21,10.76,8.85,23.38,7,1.5,33.15,0.78,20.63
2020-11-02,75,48.96,10.76,8.84,23.02,7.14,1.5,34.05,0.78,20.65
2020-11-03,75,48.96,10.8,8.06,23,7.04,1.51,33.93,0.78,19
2020-11-04,75,55.16,11.2,8.2,23,7.03,1.51,33.51,0.78,19.05
2020-11-05,75,54.39,11.2,9,24.07,7.34,1.51,33.17,0.78,17.84
2020-11-06,75,62.28,11.2,9,24.97,7.21,1.51,33.53,0.78,17.84
2020-11-09,85,59.1,12,9,25.18,7.4,1.51,33.46,0.78,17.84
2020-11-10,85,70.9,12,9,25.09,7.8,1.7,32.97,0.78,17.84
2020-11-11,85,67.15,12,8.94,24.99,7.8,1.9,33.22,0.78,17.84
2020-11-12,85,66.55,12,8.94,24.97,7.8,1.7,33.25,0.78,17.84
2020-11-13,85,79.85,14.74,10.61,25,7.84,1.7,33.25,0.78,20.01
2020-11-16,85,77.49,15,9.31,26.84,7.95,1.7,34.89,0.8,20.44
2020-11-17,89.9,77.54,15.63,11.17,26.66,9.47,2,36.8,0.8,24
2020-11-18,89.9,85,14.95,10.97,23.53,9.5,1.91,37.11,0.93,25.42
2020-11-19,89.9,85.46,14.95,13.1,22.75,9.45,1.91,37.03,0.93,22
2020-11-20,89.9,85.46,12,12.73,20.56,9.4,1.91,35.54,0.93,22
2020-11-23,89.9,84.67,12.92,13.1,20.42,9.2,1.91,29.29,0.93,19.8
2020-11-24,89.9,80,12.92,13.1,23,8.54,1.91,24.63,0.78,19.22
2020-11-25,89.9,84.42,13,13.1,23.37,8.12,1.92,28.4,0.78,20.21
2020-11-27,90,75,13,13,24.91,8.1,1.92,29.76,0.75,21.23
2020-11-30,85,73.87,13.25,13,24.5,8.01,1.9,32.17,0.74,22.99
2020-12-01,85,69,13.25,13,24.97,8.49,1.9,33.56,0.74,20.33
2020-12-02,85,74.08,13.42,13,24.5,8,1.9,34.6,0.72,24
2020-12-03,85,86,13.5,14.41,24.5,8.11,1.9,35.05,0.78,23.06
2020-12-04,85,96.91,10.8,15,24.52,8,1.9,38.49,0.74,24.06
2020-12-07,85,96.91,10.8,15.4,25,8.01,1.9,38.91,0.78,24.01
2020-12-08,85,90,10.8,15,26.46,8.73,1.9,40.9,0.78,24.13
2020-12-09,90,96.08,12.95,15,30.52,9.27,1.9,43.05,0.8,28.48
2020-12-10,80,100,12.95,15.03,35.42,10.23,1.9,43.09,0.85,30
2020-12-11,90,99.99,12.95,18,41.86,12.25,2.02,47.19,0.92,35.63
2020-12-14,80.02,107.23,15.31,21.6,41.16,14.24,2.28,46.61,0.92,38.44
2020-12-15,80.02,109,13,19.49,33.1,14.41,2.28,40.12,0.95,33.89
2020-12-16,80.02,107,13,19.5,33.53,14.27,2.28,41.26,1.01,33.26
2020-12-17,64.57,106.92,13,19.45,35.58,14.14,2.2,40.14,0.99,37.68
2020-12-18,69.4,106.92,13,19.45,38.01,14.09,2.2,43.01,0.99,39.18
2020-12-21,80,103.9,13,19.45,38.63,13.95,2.2,46.79,0.9,39.5
2020-12-22,80,103.9,15.6,20.01,40.45,14.19,2.2,52.9,0.9,40
2020-12-23,80,102.55,15.6,20.5,44.51,14.78,2.2,58.25,0.9,41.05
2020-12-24,80,92.4,15.6,20.81,47.21,16.64,2.2,58.87,0.9,40.97
2020-12-28,80,90.25,17.89,24,48,19.75,2.2,59.74,0.92,43.53
2020-12-29,80,90,16,22.67,48.04,20.01,2.2,59.01,0.92,43.59
2020-12-30,96,90.13,19.2,23,48.86,20.04,2.59,58.98,0.92,43.23
2020-12-31,96,90.13,21.16,20.12,49.09,19.95,3,59.06,0.94,41.24
2021-01-04,95,98.57,22,20,49,19.85,3,58,0.94,42.06
2021-01-05,95,99.75,19.73,20,46.25,18.84,2.86,56.05,1.13,43.63
2021-01-06,95,99.75,22.24,19.39,42.41,18.81,2.86,55.98,1.3,42
2021-01-07,95,90.5,19.77,19.12,41.93,18.32,2.92,56,1.3,40
2021-01-08,95,90.5,21,19,42,17.5,2.57,56,1.5,41.75
2021-01-11,95,82.11,19.75,19.25,43.12,17.16,2.57,56.01,1.5,43.93
2021-01-12,110,77.19,20,19.25,43.22,17,2.55,58.12,1.3,45
2021-01-13,110,83.08,20,19.32,44.66,17.17,3,60.07,1.3,44.4
2021-01-14,110,85,21,19.28,46.12,17.12,3,60.24,1.5,44.48
2021-01-15,110,75,21,19.4,46.45,17.62,3,61,1.5,45
2021-01-19,110,79,21,19.35,50.29,18.3,3.55,61,1.8,50
2021-01-20,110.07,83.95,21,19.06,50.84,19.1,4.1,61.94,1.8,45
2021-01-21,110.07,83.75,24,19,50.15,19.95,3.66,62,2.15,45
2021-01-22,110.67,85.42,24,18,49.67,20,4.28,62.03,2.16,45
2021-01-25,110.67,96.36,21,17.98,49.95,20.22,5,63.49,2.59,45.98
2021-01-26,110.67,97,21.05,19.4,49.16,20.2,5.1,63.5,3.11,49.5
2021-01-27,113.75,84.48,21,18.29,49.08,20.01,5.94,63.99,3.5,49.66
2021-01-28,113.75,84.69,21,19,49.27,20.42,6,67.2,4.2,49.85
2021-01-29,113.75,80.55,21,19.21,49.72,20.01,5.46,68,4.03,50
2021-02-01,110,79.95,21,19,46.22,19.71,5.37,67.07,3.84,49.27
2021-02-02,110,78.71,21,19,45.37,18.09,5.81,69.21,3.39,50
2021-02-03,110,78.71,21,19,45.05,17.76,5.94,68.72,3.41,46.47
2021-02-04,132,78.71,21,19,42.84,17.72,6,62.08,3.41,45
2021-02-05,132,71.14,17,18.67,42.21,17.51,6,65,3.36,44.85
2021-02-08,132,76,17,18.46,40,17.14,6,68.74,3.34,43.07
2021-02-09,132,74,17,18.39,39.79,15.86,5.6,68.51,3.35,43.07
2021-02-10,132,74,20.4,18.37,39.78,15.95,5.21,68.83,3.35,43
2021-02-11,132,72,20.4,18.22,40.5,16.22,5.2,69.99,3.3,42.97
2021-02-12,132,72,20.4,17.25,41.13,17.95,5.2,71.13,3.3,42.98
2021-02-16,132,72,20.4,17.22,48.96,19.05,5.19,72.57,3.2,42.85
2021-02-17,132,69.9,20.4,17.33,47.77,20.88,5.19,74.97,3.2,43.17
2021-02-18,132,70.05,20.4,17.33,46.16,20.94,5.19,74.99,3.21,44.62
2021-02-19,120,70,23.87,15.5,46.22,22.8,5.6,72.11,3.3,45.05
2021-02-22,120,69.9,20.4,15.43,45.79,21.77,5.36,71.79,3.28,45.01
2021-02-23,120,70,20.4,14.69,46.12,20.67,5.36,70.31,3.27,46
2021-02-24,120,70,20.4,13.98,45.04,20.58,5.36,67.2,3.19,45.73
2021-02-25,120,70,20.52,13.46,43.48,19.82,5.1,66.98,3,43
2021-02-26,120,74.61,21,12.65,43.03,19.82,5.1,65.49,3.03,43.8
2021-03-01,120,74.61,20.4,12,42.99,19.68,5.1,60.83,3.02,42.95
2021-03-02,120,74.84,20.4,10.31,41.31,18.92,5.1,59.88,3,41.09
2021-03-03,120,74.42,20.4,10.85,40.89,19,5.1,58.79,3,41.84
2021-03-04,120,79.98,20.4,13,40.03,19.17,5.1,59.13,3.01,48.85
2021-03-05,120,85.55,20.4,13,40.99,18.97,5.1,60.12,3.01,48
2021-03-08,120,94.36,20.4,13.97,41.03,19.86,5.5,62.94,2.81,51.86
2021-03-09,120,94.68,20.4,15.01,42.78,20.13,5.5,64.99,2.82,54.3
2021-03-10,120,94.5,20.4,15.67,45.77,19.34,5.45,65.05,3.02,55.31
2021-03-11,120,92,20.4,15.69,45.74,18.96,5.5,65.01,3.02,55.03
2021-03-12,120,90.4,20.4,15.58,47.39,19,5.95,65.05,3.02,59.73
2021-03-15,120,90.27,20.4,16,49.73,19,5.95,69.35,3.02,60.01
2021-03-16,120,92.47,20.4,15.95,51.01,19.05,6,69.78,3.02,59.79
2021-03-17,120,90.47,20.4,15.95,50.99,19.66,6,70.94,3.02,60
2021-03-18,120,90,20.4,15.5,51.04,20,6,71.9,3.02,59.96
2021-03-19,110,90,20.4,15.8,49.68,20,6,72.01,3,59.95
2021-03-22,110,90,20.4,15.95,50.98,21,6,72.05,2.88,59.95
2021-03-23,110,90,20.4,15.9,52.18,20.87,6,73.3,2.88,61.71
2021-03-24,110,90,20.5,15.9,52.71,21,6,75.93,2.8,61.58
2021-03-25,105,87.01,20.5,15.95,53.09,21.95,5.8,78.25,2.82,64.91
2021-03-26,105,86.97,20.5,15.94,53.85,23,5.8,80,2.82,65.71
2021-03-29,105,86.95,20.5,15.95,55.4,23,5.8,82.66,2.82,68.5
2021-03-30,110,85,20.5,15.95,55.65,23,5.8,82.19,2.83,70.35
2021-03-31,110,80,20.5,16,60.31,23.67,6,85,3,72.47
2021-04-01,110,80,20.5,17,62.8,25.88,6,90,3.02,78.79
2021-04-05,110,80.19,20.5,17.99,65,26.46,6,90.05,3.1,73
2021-04-06,110,81.56,22,18.91,64.93,26.46,6,89.66,3.02,75.56
2021-04-07,109.91,81.55,24.6,19,64.57,25.95,6,82.83,3,75
2021-04-08,109.91,81.76,24.6,18.85,60.14,25.56,5.8,84.95,3,65
2021-04-09,109.91,81.17,29.4,18,59.96,26.48,6.2,82.37,2.96,65.5
2021-04-12,105,80.77,29.4,17.98,60.32,25.73,6.2,82.13,3,75
2021-04-13,126,81.08,29.4,17.95,60.81,26,6.2,82.16,3.02,68.33
2021-04-14,126,81.08,29.4,17.83,66.67,24.75,6.2,82.26,3.06,68.33
2021-04-15,126,81.93,29.4,18.22,58.63,24.8,6.3,81.86,3,68.33
2021-04-16,126,80.81,29.4,17.5,60.93,24.8,6.3,82.04,3.01,69
2021-04-19,132,82,29.4,17.41,61.12,24.94,6.4,81.95,3.05,64.67
2021-04-20,132,82,29.4,18.39,63.8,24.98,6.4,81.29,3.05,65
2021-04-21,132,82,29.4,21.22,67,25,6.2,81.05,3.03,69.91
2021-04-22,132,82,29.4,24.57,70,24.95,6.2,81.19,3,68.98
2021-04-23,132,82,29.4,26.02,69.84,24.88,6.18,81.96,3,69.27
2021-04-26,150,82,29.4,23.51,69.86,24.6,6.18,82.14,3,70.4
2021-04-27,150,82,25,23.53,70,25.02,6.2,82.28,3,70.17
2021-04-28,150,82.09,25,24.2,70.76,26.02,6.2,84.24,3,73.05
2021-04-29,125,82.05,25,23.85,72.07,26.93,7.4,87.22,3.3,73.05
2021-04-30,125,82.76,29.4,24.97,73.12,28.05,8,92.81,3.36,79
2021-05-03,125,84.32,29.4,24.66,74.99,28.3,7.5,90.27,3.5,84.52
2021-05-04,125,84.78,29.4,23.86,72.35,28.28,7.5,90.02,3.39,84.28
2021-05-05,125,85,29.4,23.67,68.97,27.34,7.5,89.46,3.39,84.82
2021-05-06,125,85,29.4,23.6,67.25,27.5,6.6,89.05,3.39,84
2021-05-07,125,84.03,29.4,25.04,69.94,27.58,7,87.98,3.57,83.84
2021-05-10,125,84.06,26.1,26.38,70.11,27.51,7.5,87.51,3.02,83.41
2021-05-11,125,84.01,26.1,27.48,72.84,27.23,7.5,87.81,3.32,83
2021-05-12,125,84,26.1,27.02,74.32,27.35,7.5,87.81,3.47,82.01
2021-05-13,125,84,26.1,27.46,74.88,27.53,7.5,87.03,3.5,83.77
2021-05-14,125,84.35,26.1,32,73.59,27.51,7.5,87.02,3.5,83
2021-05-17,125,84,26.1,31.91,74,27.5,7.5,87,3.5,82
2021-05-18,125,83.99,26.1,33.36,72.36,27.5,9,86.23,3.83,83
2021-05-19,125,85,26.1,32.97,70.65,27.49,9,86.34,3.76,82
2021-05-20,125,85.05,26.1,32.93,69.01,26.1,10.7,85.83,3.8,81.96
2021-05-21,125,85.05,26.1,32.92,68.96,26.65,10.48,85.99,4,82.94
2021-05-24,125,85.06,26.1,32.2,68.89,26.96,10.48,84.71,4.8,83
2021-05-25,125,85.09,26.1,33.84,68.46,27.07,10.48,83.43,4.71,83.05
2021-05-26,125.67,85.1,26.5,32.1,68.17,26.89,12.5,83.56,4.7,84.64
2021-05-27,125.67,85.1,26.5,30.65,69.07,27.02,12,85.05,4.7,84.71
2021-05-28,150,89.94,26.5,30.12,73.03,28.01,12,85.16,4.7,85.16
2021-06-01,150,92.83,26.5,31.12,82.07,30,12,85.81,4.2,88
2021-06-02,150,94.78,26.5,33.16,83.27,29.45,12,88.2,4.19,89.27
2021-06-03,151.14,94.98,27.05,36.73,83.17,29.66,12,90.03,4.19,89.27
2021-06-04,180,95,28,37,82.45,28.5,12,90.07,4.14,94.98
2021-06-07,165,95,28,36.68,82.23,28.51,12,92.62,4.18,94.96
2021-06-08,165,95.01,28,36,80.09,28.58,12,94.68,4.18,94.59
2021-06-09,165,95,28,35,80.45,28.55,11.5,94.99,4.15,94.41
2021-06-10,175,95,28,35,81.6,28.57,11.5,95.11,4.1,93.03
2021-06-11,175,95.06,28,34.91,82.42,28.6,11.5,99.01,4.1,94.45
2021-06-14,175,95,28,34.98,82.24,29.6,11.5,100.52,4.09,94.45
2021-06-15,175,95,28,34.49,82.27,29.87,9.2,101.24,4.08,93.87
2021-06-16,175,90,28,34.49,83.22,30.03,10,105.1,4.08,94.07
2021-06-17,175,89,28,34.38,84.99,30.1,10,108.89,4.08,94.17
2021-06-18,175,95,28,34.4,85.17,30.14,10,109.39,4,94.21
2021-06-21,170,80,28,35,83.8,35.37,10,90.56,3.9,88
2021-06-22,175,95,28,34.55,86.04,30.18,10,110.26,4,94.5
2021-06-23,175,95,28,34,90.45,30,10,110,4,93.23
2021-06-24,175,95,28,35.25,94.59,30.2,10,107.3,4,94.28
2021-06-25,175,94.97,28,35.29,92.01,31.08,10,91.28,4,94
2021-06-28,170,93,28,37,98.22,32.11,10,96.75,4,94.24
2021-06-29,170,93.63,28.01,37,98.17,34.25,10,99.19,4,94.01
2021-06-30,170,94.04,28.01,36.27,94.83,37.3,11,99.3,4,94
2021-07-01,170,94.04,28.01,36,92.42,39.92,11,96.33,4,94
2021-07-02,170,89.88,28.01,36.13,92.4,39.99,11,97.02,4,94
2021-07-06,170,88.26,28.01,37,86.22,39.33,11.43,103.85,4,93.95
2021-07-07,170,86.45,28.05,39.77,85.51,39.58,10,102.12,3.97,93.95
2021-07-08,170,87,28,39.77,86.33,36.35,11.5,104.63,3.89,92.74
2021-07-09,170,86.45,28,36.02,86.31,37.7,10,99.96,3.89,91.95
2021-07-12,170,85.65,28,41.2,86.72,38.31,10,99.37,3.86,90.66
2021-07-13,169.95,85,28,41,87.61,39.12,10,95.01,3.86,89.96
2021-07-14,169.95,81.15,28,41,87.11,39.06,10,91.96,3.9,89.94
2021-07-15,170,80,28.07,40.96,86.89,39.86,10,97.08,3.8,88.03
2021-07-16,170,80.02,28.07,40.96,86.67,38.26,10,95.29,3.8,88.07
2021-07-19,170,80,28,35,86.05,38.21,10,90.36,3.9,87.86
2021-07-20,170,80,28,35,84.53,37.72,10,91.57,3.9,87.94
2021-07-21,170,80,28,35,83.8,35.37,10,90.56,3.9,88
2021-07-22,170,76.8,28,31.97,82.88,35.29,10,100.97,3.9,89.95
2021-07-23,170,76.87,28,35.72,82.97,35.02,10,100.06,4,95.03
2021-07-26,170,80,28,39.26,83.01,34.28,10,93.01,4.68,95
2021-07-27,170,79.01,28,41.42,83.51,34.21,8,93.47,4.16,93.68
2021-07-28,170,78.75,33,42,84.47,34.51,8.1,93.33,4.16,91.46
2021-07-29,170,80,33,41,85,35.05,8.1,100,4.2,92
2021-07-30,170,77.2,28,41.46,85.96,35.8,8.1,101.21,4,92.64
2021-08-02,170,77.2,28,40,87.3,36.01,8.1,102.93,4,92.79
2021-08-03,170,80.43,33,39.62,87.48,35.64,8.1,103.7,4,93
2021-08-04,170,85,33,39,87.46,35.78,8,105.01,3.95,93
2021-08-05,170,85,33,35.41,89.58,35.06,8,106.01,4,94.9
2021-08-06,170,85,33,34.92,89.33,35.09,8,107.03,3.9,94.9
2021-08-09,170,85,33,34,89.03,36.07,9,107.42,3.9,95.63
2021-08-10,170,82.67,33,35,89.03,36.37,9,107.84,4.2,95
2021-08-11,170,82.53,28,35,90.03,38.77,9,121,4.2,98
2021-08-12,170,83,28.03,36.9,94.83,41.16,9,127.48,4.3,105.2
2021-08-13,170,83,28.03,36.91,112.45,42.05,9,135.11,4.3,112.53
2021-08-16,170,83.2,25,37.91,110.02,50.13,9,135.14,4.3,115.02
2021-08-17,170,83.02,25,37.97,109.83,51.95,9,135.11,4.29,116.01
2021-08-18,170,82.99,25,38.5,109.45,51.92,8.99,135.06,4.35,114.18
2021-08-19,170,83.07,25,38.5,110.27,52.01,8.99,135.01,4.35,115.97
2021-08-20,170,82.51,25,38.5,112.31,52.04,8.99,135.22,4.35,116
2021-08-23,170,91.75,25,38.5,113.37,52.53,8.99,136.78,5,120.01
2021-08-24,170,90.05,25,38.4,113.32,55.01,8.99,136.93,5.15,120.01
2021-08-25,170,97.59,30,38.15,115.31,57.06,8.99,148.95,5.15,117.43
2021-08-26,170,94.82,30,38.01,115.53,57.46,8,149.82,5.15,117.4
2021-08-27,170,94.82,30,38,115.97,62.45,8,150.06,5.15,117.44
2021-08-30,170,95.96,30,41.98,123.13,62.62,8.06,150.26,5.16,114.96
2021-08-31,170,95.05,30,42,124.48,66.51,8.06,151.26,5.16,120.07
2021-09-01,170,100.25,33,41.99,124.81,69.98,8.06,152.05,5.2,120.05
2021-09-02,170,100.25,34,41.97,126.89,70,7.4,152.08,5.2,129.58
2021-09-03,170,96.23,39.47,42,132.03,72.71,7.41,179.72,5.98,136.46
2021-09-07,170,96.8,39.47,43.09,140.33,75.8,7.41,179.54,5.98,139.01
2021-09-08,170,92.02,39.47,44.85,152.4,78.95,7.41,187.94,6,143.72
2021-09-09,170,92.52,39.47,52,158.62,80.76,7.39,190,6,163.51
2021-09-10,170,95,39.47,52.05,178.1,89.94,8,204.93,6,186.69
2021-09-13,170,105.39,39.47,52,169.72,87.25,8,192.02,6.5,170
2021-09-14,170,123.61,39,52,160.02,81.49,8,179.6,6.4,169.43
2021-09-15,170,121.52,35,52,156.96,77.31,8,180,6.34,191.76
2021-09-16,170,119.97,35,52,155.94,78.92,8.14,178.96,6.34,200.43
2021-09-17,170,114.77,35,48.44,158.25,79.62,8.14,171.05,6.34,205.29
2021-09-20,170,92.05,35,49.69,159.67,79.72,8.14,171.24,6.1,205.03
2021-09-21,170,110,35,49.69,159.44,79.91,8,171.24,6.1,205
2021-09-22,170,113.33,35,49.7,158.36,79.97,8.07,171.2,6.1,204.98
2021-09-23,170,110,35,49.68,158.33,80,8.07,171.26,6,245.9
2021-09-24,170,95,37,49,160.71,80.76,8.07,175.33,6.05,210.7
2021-09-27,170,92.04,37,49,165.38,82.72,8.06,175.29,6.01,241.13
2021-09-28,170,92.04,37,49,166.3,83.02,8,180,5.85,205.58
2021-09-29,170,92.04,40.8,49.83,168.64,84.35,8,181.2,5.84,213.92
2021-09-30,170,95.14,40.8,49.95,177.98,85.04,8,192.79,5.91,239.49
2021-10-01,170,100,37.67,49.95,192.04,85.45,8,195.81,5,248.43
2021-10-04,170,99.95,37.67,49.04,195.39,84.42,8,196.02,5,244
2021-10-05,170,96.96,37,49.04,193,84.87,8,196.03,5.5,220
2021-10-06,170,110,37,49.04,181.56,84.91,8,190.71,5.5,220
2021-10-07,170,94.55,37,49.04,179.52,79.7,8,187.07,5.41,220
2021-10-08,170,95.34,37,49.04,173.77,74.9,8,177.35,5.4,200
2021-10-11,170,99.25,37,49.1,165.45,71.1,8,170,5.4,194.96
2021-10-12,170,99.35,37,49,163.81,70.25,9,165.74,5.4,194.9
2021-10-13,170,95,37,49,156.37,63,9,163.83,5.4,190.86
2021-10-14,170,94.33,37,48.47,152.49,55.14,9,151.11,5.4,175
2021-10-15,170,90.25,37,48.21,150.03,57.03,9,150.01,5.41,145
2021-10-18,170,90,37,48.21,157.12,57.6,9,150.43,5.41,146
2021-10-19,170,90,37,48,156.96,62.44,9.6,153.96,5.41,150.03
2021-10-20,170,86.94,37,48,156.61,64.82,9.6,154.26,5.41,158.27
2021-10-21,170,86,37,48,157.01,71.38,9.6,154.05,5.41,158.27
2021-10-22,170,85.95,37,48,155.85,77.89,9.6,154.16,5.41,160.62
2021-10-25,170,85.95,37,48,157.04,82.96,9.6,158.61,5.5,160.65
2021-10-26,170,85.95,37,48,157.03,89.05,9.6,158.58,5.5,158
2021-10-27,170,85.66,37,48,157,89.27,9.6,159.06,5.45,158
2021-10-28,170,80,37,48,155.85,88.24,9.6,159.32,5.45,158
2021-10-29,170,80.08,37,48,152.74,82.55,9.61,160.25,5.5,158
2021-11-01,170,80.08,37,48,150.02,80.27,10,159.23,5,154.9
2021-11-02,170,80.08,37,48,147.44,80.05,10,157.6,4.01,154.9
2021-11-03,170,78,38,48,139.98,79.84,10,154.49,4,127.01
2021-11-04,170,78,38,46,139.63,74.26,11,154.36,4,127.05
2021-11-05,170,73.86,38,40,138.89,74.2,11,154.11,4,105.14
2021-11-08,170,74.99,38,34,138.16,73.26,11,151.84,4,106.83
2021-11-09,170,71.14,38,34,137.63,73.5,11,150.66,3.9,106.83
2021-11-10,170,70,39,32,133.44,72.81,11,146.78,3.8,115.01
2021-11-11,170,70,39,32,140.01,74.17,13,144.49,3.9,125
2021-11-12,170,69.95,39,32.03,142.68,79.01,13,145.1,3.9,125
2021-11-15,170,70,40,32.03,146.4,84.19,14.83,151.95,3.9,124.99
2021-11-16,170,75.78,40,32.03,161.7,85.07,14.83,160.34,4.3,124.96
2021-11-17,170,80.02,40,36,168.24,83.73,14.83,162.83,4.3,124.96
2021-11-18,170,75.17,40,35,162.53,85,15.79,162.4,4.1,125.1
2021-11-19,170,80.32,40,38,159.95,85.01,16,162.08,3.5,125.06
2021-11-22,170,74.94,40,38,154.64,84.71,16,159.65,4.14,125.02
2021-11-23,170,76,40,38.75,154.75,85,16,160.18,4.18,125
2021-11-24,170,76.73,40,38.75,155.07,85.95,16,161.44,4.46,124.96
2021-11-26,170,78.09,40,38.75,156.8,86.4,15.5,164.99,5,124.96
2021-11-29,170,81.22,40,39.5,156.13,86,16,168.72,4.01,125
2021-11-30,170,75.08,40,32.01,159.25,86.02,15.7,176.1,4.2,125
2021-12-01,170,70.95,40,31,172.44,86.4,15.6,185.96,4.2,125.05
2021-12-02,170,70.91,40,37.13,189.76,93.14,15.65,211.86,4.5,126.96
2021-12-03,170,70.1,40,37.53,195.95,93.35,15.65,214.15,4.5,149.16
2021-12-06,170,70.2,45,37.53,195.46,95.17,15,214.2,4,149.16
2021-12-07,170,69.78,45,37.55,195,96.05,14.06,214,4,142.6
2021-12-08,170,65,45,37.55,184.82,87.38,14.06,185.06,4.05,127.33
2021-12-09,170,66.86,45,37.55,178.27,82.08,14.06,185.03,4.05,121.95
2021-12-10,170,67.04,45,37.55,166.17,82,14.06,185.21,4.25,125
2021-12-13,170,70.08,45,36.01,163.75,83.34,14.06,186.02,4.25,122.32
2021-12-14,170,71,45,38,165.62,85,14.06,195.54,4.97,122.29
2021-12-15,170,71.5,45,37,172.15,86.45,11.35,202.36,4.92,120.6
2021-12-16,170,78.5,45,35.02,188.62,94.4,11.35,207.3,4.95,122.04
2021-12-17,170,78.99,45,37.6,187.83,97.98,11.4,209.04,4.98,120.19
2021-12-20,170,80,44,35.08,187.65,99.97,12,209.19,4.98,119.94
2021-12-21,170,81.23,44,35,192.4,100.02,11.33,210.59,5.5,125
2021-12-22,170,82.97,43.73,35,192.53,100.15,11.33,219.18,5,125
2021-12-23,170,84.44,43.73,35,195.12,100.33,11.35,222.06,5,125
2021-12-27,170,86.54,43.73,35,200.35,105.25,11.35,226.62,5,123.64
2021-12-28,170,86,43.73,35,202.55,105.2,11.35,227.39,5,124
2021-12-29,170,86.02,44,30,205.7,106.4,11.4,229.73,5,125.05
2021-12-30,170,86.05,44,30,210.44,110.52,11.4,237.41,5,125.51
2021-12-31,170,89.89,46,34.98,220.38,112.08,11.5,245.26,5.02,127.99
2022-01-03,170,94,46,34.44,232.81,119.31,11.5,251.33,5,140.05
2022-01-04,170,92.13,46,34.97,222.78,122.53,11.5,262.71,5,140
2022-01-05,170,86.03,46,34.97,225.1,126.44,11.5,253.43,5,140
2022-01-06,170,90.05,46,35,226.35,130.25,11,264.78,5,140.49
2022-01-07,170,90.6,50,34.36,231.43,133.68,11,266.44,5.19,141
2022-01-10,170,92.98,50,35,235.71,139.98,11,267.51,5.19,141
2022-01-11,170,90.71,50,35,234.57,142.19,11,267.5,5.19,141
2022-01-12,170,90.57,50,33.24,233.35,138.76,11,267.54,5.19,141.01
2022-01-13,170,88.9,50,34.15,230.03,139.79,11,267.5,5.11,141
2022-01-14,170,90,51.06,33.82,229.99,139.83,11,267.78,5.3,139.04
2022-01-18,170,93.17,52,34.5,230.06,136.46,11,268,5.3,139.02
2022-01-19,170,92.92,51.97,34.5,231.97,138.51,10.7,285.4,5.1,139
2022-01-20,170,91.67,51.97,34.5,231.56,138.67,10.7,280.49,5,138.97
2022-01-21,170,90,51.97,34.55,230.75,138.79,10.7,279.81,5,138.96
2022-01-24,170,89.98,51.97,34.89,230.27,138.38,10.7,279.95,5,139
2022-01-25,170,89.99,51.97,34.82,228.43,137.25,10.7,279.95,5,139.04
2022-01-26,170,88.9,51.97,35.97,221.9,138.47,10.7,278.79,5.05,139
2022-01-27,170,89.06,52,35.95,220.37,134.63,10.7,276.33,5,138.51
2022-01-28,170,89.32,52,35.88,224.01,133.69,10.7,278.58,5,140.92
2022-01-31,170,89.52,52,35.88,221.33,132.86,10.7,278.47,4.8,140.09
2022-02-01,170,89.81,52,36,210.21,132.45,10.7,278.39,4.8,140
2022-02-02,170,89.5,52,35,210.2,128.63,10.7,271.77,5,139.44
2022-02-03,170,85,52,34,210.09,120.43,10.7,270.33,5,139.44
2022-02-04,170,85,52,34,220.24,129.19,10.7,271.83,5,139.68
2022-02-07,170,85,52,34,227.17,135.09,12,292.9,5,140
2022-02-08,170,86.4,62,34,243.46,141.01,12,310.28,5,140
2022-02-09,170,86.04,64.93,34,248.86,142.16,12,330.06,4.8,140.11
2022-02-10,170,85,62,33.5,247.61,142.44,13,308.28,5,145
2022-02-11,170,85,62,34.12,246.4,141.29,13,305.24,5,144.74
2022-02-14,170,85.02,62,36,245.14,140.7,13,305.1,5,144.7
2022-02-15,170,94,62,35.47,245.01,139.95,13,306.03,5,144.7
2022-02-16,170,90.33,62,36,244.39,139.81,13,306.38,4.6,138.53
2022-02-17,180,93.78,62,36,241.97,139.3,13,306.43,4.8,139.99
2022-02-18,215,90.69,55,36,240.92,138.24,13,307.49,4.8,140.77
2022-02-22,215,90.06,55,36,241.7,137.74,13,306.09,5.5,140.38
2022-02-23,250,90.02,66,34.57,240.3,137.53,13,306.56,5.5,139.95
2022-02-24,250,90,66,34.75,240.41,136.37,13,310.2,6,135.05
2022-02-25,250,90,72,34,241.71,136.39,13,311.59,7.1,134.5
2022-02-28,250,88,72,35.1,244.21,138.11,13,313.45,7.1,135.02
2022-03-01,250,89.01,73.64,35.04,265.25,144.57,13,321.03,7.64,137.52
2022-03-02,250,90.01,73.64,35.04,280.99,150.08,13,325.1,8,137.52
2022-03-03,250,95.78,75,39.64,304.91,178.63,15.6,352.24,7.02,139.97
2022-03-04,250,111.24,75.91,39.98,320.02,204.98,15.6,387.8,7.2,154.4
2022-03-07,250,133.24,75.91,39.53,353.09,205.05,17.18,407.97,7.48,160.02
2022-03-08,250,129.99,75.91,44.31,353.29,217.8,17.2,411.78,8,160.1
2022-03-09,250,130,75.91,48,359.95,224,17.2,424.34,7,191.38
2022-03-10,260,129.69,91.05,46.93,359.9,228.51,17.2,432.71,7,210.94
2022-03-11,260,140.22,109.25,49.55,376.71,237.37,17.2,500.43,7.23,224.13
2022-03-14,260,149.55,118.69,50.56,390.31,276.34,17.2,509.89,7.49,268
2022-03-15,260,150.68,142.4,51.65,458.04,329.03,20.6,596.33,7.2,269.92
2022-03-16,260,164,169.6,51.98,459.07,331.71,21,613.96,7.5,271.74
2022-03-17,260,155.29,168,51.98,451.9,329.44,21.59,592.85,7.5,274.94
2022-03-18,260,167.13,168,51.67,442.21,281.93,21,619.89,7.4,274.94
2022-03-21,260,166.5,150,51.04,399.98,279.9,21,609.33,7.4,244.98
2022-03-22,260,163.97,150,55,405.11,293.3,21,609.92,7,240.14
2022-03-23,260,163,150,55,401.74,289.24,21,608.39,7,240.28
2022-03-24,260,157.05,150,55,397.64,275.96,21,604.61,7.32,240.05
2022-03-25,260,142.77,150,55,395.16,260.4,21,595.68,7.63,240
2022-03-28,260,143,150,50.01,383.3,246.14,18,590.2,7.63,240
2022-03-29,260,143,150,50.01,355.02,220.33,18.5,546.47,6.5,240
2022-03-30,260,130,127.5,50,315.96,198.95,20,490.68,6,196.43
2022-03-31,260,123.14,127.5,50,312.78,195.28,20,486,6,190.08
2022-04-01,260,120.06,129,52.1,311.82,184.97,20,483.72,6.42,180
2022-04-04,260,115,111.26,52.16,311.44,184.95,20,460.68,5.56,178
2022-04-05,260,110.09,111.26,53,309.35,183.38,20,450.04,4.81,178
2022-04-06,260,112.82,110,50.03,309.17,183.98,20,450,4.3,188
2022-04-07,260,112,110,50,310.35,184.92,20,449.96,4.3,188
2022-04-08,260,111.93,110,50,310.05,184.88,20,450,4.3,176
2022-04-11,260,115,110,50,310.69,184.22,20,449.03,4.31,170.05
2022-04-12,260,115,110,50,319.69,184.78,20,449.52,4.31,170
2022-04-13,260,115,110,49.96,346.86,207.61,20,472.67,4,170
2022-04-14,260,114.75,110,50,389.99,238.42,20,525.53,4,170
2022-04-18,260,115,110,50,396.26,240.41,20,525.52,4,172
2022-04-19,260,115.1,110,57,400,239.25,20,525.53,4,172
2022-04-20,260,115.1,110,57,400.15,237.13,20,525.55,4,171
2022-04-21,260,119.93,110,57,404.81,235.25,20,525.52,4,172
2022-04-22,260,119.93,110,57,407.19,234.85,20,525.52,4,170.12
2022-04-25,260,115,110,57,407.23,234.82,20,525.44,4,163.94
2022-04-26,260,115,110,57,400.13,234.6,20,525.36,4.1,170
2022-04-27,260,115.08,110,57,399.15,232.9,20,524.85,4.1,170
2022-04-28,260,115.01,110,57,399.03,232.03,20,520.55,4.1,167.83
2022-04-29,260,115,110,58,398,229.03,20,519.88,4.11,163.44
2022-05-02,260,117.5,110,58,386.24,226.57,22.6,518.12,4.11,160.01
2022-05-03,260,115,113.33,57.05,381.34,207.16,22,514.41,4.11,160
2022-05-04,260,114.37,113.33,56.8,374.34,200.37,22,509.87,4.11,160.39
2022-05-05,260,117.15,110,56.8,375.22,197.56,21.95,506.88,4.01,160.14
2022-05-06,260,123.51,96.35,50,374.87,190.08,21.95,477.81,4.01,160
2022-05-09,260,125,96.35,50.5,374.75,188.29,21.95,475.53,4.01,159.95
2022-05-10,260,127.74,110,45,363.02,181.17,21.95,469.65,4.01,159.95
2022-05-11,260,143,110,50,359.41,180.8,22,434.39,4.01,159.01
2022-05-12,260,163.94,110,50,359.3,180.91,22,435.04,4.57,159
2022-05-13,260,186.89,110,49.09,359.1,179.91,22,434.37,4.57,136.78
2022-05-16,260,171.14,110,41.75,351.58,174.4,22,416.57,5.12,136.13
2022-05-17,260,169,110,35.7,340.99,160.97,22,400.32,4.57,135.13
2022-05-18,260,164.95,110,30.35,332.7,165.76,22,397.42,5,132.88
2022-05-19,260,142.59,110,28.25,326.59,167.97,22,391.19,4.55,132.8
2022-05-20,260,143.65,110,26.08,319.83,157.73,22,376.69,4.72,127
2022-05-23,260,132.1,110,25,313.17,149.45,22,374.17,4.7,120
2022-05-24,260,140,110,22.98,304.53,137.61,22,355.82,5.4,120.02
2022-05-25,260,137.21,110,23,280.53,130.26,22,340.03,5.41,120.02
2022-05-26,260,133,110,25,299.13,130.12,22,320.1,4.7,120.02
2022-05-27,260,132.78,110,25.05,296.02,120.43,22,320.31,4.44,120
2022-05-31,260,130.46,110,25.05,281.25,115.62,22,320.76,4.44,102.55
2022-06-01,260,135,110,25.05,281.59,119.04,22,324.05,4,105
2022-06-02,260,132,110,25.05,279.79,122,22,322,4,105
2022-06-03,260,134,110,25.05,269.6,123.06,22,319.96,4,105.05
2022-06-06,221,130,110,25.05,270.2,123.04,22,313.53,4.2,105
2022-06-07,221,132.32,110,25.05,266.94,122.96,22,300.09,4.2,105
2022-06-08,221,130.03,112,28,263.04,126.29,22,297.43,4.81,100.05
2022-06-09,221,132,112,27.6,269.93,135.99,22,299.09,4.81,106.47
2022-06-10,221,134.96,112,28.28,270.57,151.22,22,299.99,4.09,105.42
2022-06-13,221,135,110,28.4,269.35,159.62,22,299.02,4.1,105.5
2022-06-14,221,135.19,110,28.4,269.95,159.23,22,299.19,4.1,106.08
2022-06-15,221,135,110.05,32.65,265.3,157.87,22,299.06,4.7,107
2022-06-16,221,135,110,30.34,264.77,157.29,22,299.96,4.57,107
2022-06-17,221,135,110,32.58,259.19,169.87,22,298.78,4.62,108.05
2022-06-21,235.5,135,108,34,241.86,169.65,22,297.09,4.69,108.1
2022-06-22,235.5,132,93.5,30,228.95,150,22,295,4.69,108.5
2022-06-23,235.5,132.02,94,30,222.41,164.45,22,292.49,4.57,109
2022-06-24,235.5,132.02,93.52,30,221,159.72,22,289.91,4.57,109
2022-06-27,235.5,130,93.52,28,219.71,159.07,22,290.35,4.57,109
2022-06-28,235.5,125,93.52,28,211.98,157.22,22,269.65,4.69,109
2022-06-29,235.5,125,93.52,28,210.04,148.17,22,269.79,4.61,105
2022-06-30,235.5,125.06,93.52,28,218.61,144.1,22,265.16,4.57,105
2022-07-01,235.5,124.99,93.52,28,220.09,136.47,22,265.3,4.57,99.83
2022-07-05,235.5,124.99,93.55,26.99,229.1,129.39,22,264.89,4,104
2022-07-06,200.2,115.33,93.55,24.33,238.55,126.08,22,261.17,4,101.29
2022-07-07,200,115.33,93.55,24.68,250.2,122.84,22,262.24,4.57,95.51
2022-07-08,200,120,93.55,24.5,255.86,123.36,22,262.87,4.57,100
2022-07-11,200,131.67,93.55,24.5,254.06,119.85,22,263.7,4.57,100
2022-07-12,200,131.7,93.55,24.5,249.36,116.96,22,267.05,4.56,93.53
2022-07-13,200,143.63,93.55,24.5,247.99,114.61,22,270.27,4.56,100
2022-07-14,200,143.63,93.55,24.5,224.01,113.76,22,271.13,4.57,100
2022-07-15,200,150,93.55,24.5,220.93,114.08,22,273.33,4.57,95.39
2022-07-18,200,150.05,85,22,221.76,109.95,22,270.33,4.57,100
2022-07-19,200,140,85,21.96,221.89,108.78,22,270,4.57,100
2022-07-20,200,156.68,85,21.95,221.19,110.62,22,270.04,4.57,100.04
2022-07-21,200,156.7,95,21.95,221.34,106.29,22,269.68,4.57,91.74
2022-07-22,200,156,95,20.8,222.62,106.44,22,270.36,4.57,100
2022-07-25,200,160,95,21.74,220.26,104.05,21,269.02,4.57,99.95
2022-07-26,200,157.73,95,19.23,203.02,97.8,21,261.77,4.57,99.95
2022-07-27,195.3,159.2,95,20,201.73,97.29,21,260.53,4.57,85.6
2022-07-28,195.3,159.2,95,20,187.85,88.09,21,236.16,4.57,85
2022-07-29,195.3,160,95,20,174.11,83.11,21,230.5,4.57,85
2022-08-01,195.3,150,95,19.48,157.12,74.73,21,226.97,4.57,85
2022-08-02,195.3,150,95,18,134.28,63.61,21,202.86,4.57,85
2022-08-03,195.3,150,95,18.45,130.68,64.54,21,196.18,4.57,85
2022-08-04,195,150,95,15.7,128.9,57.39,21,195.11,3.9,85
2022-08-05,166.05,150,95,15.67,125.03,55.32,21,166.16,3.9,85
2022-08-08,166.05,139.7,95,16.09,127.7,57.98,21,163.39,3.9,85
2022-08-09,166.05,139,81,16.61,139.21,64.94,21,162.7,3.32,77.03
2022-08-10,166.05,137.16,93,18.5,147.1,67.96,21,177.11,3.32,84.99
2022-08-11,166.05,145.8,93,18.5,169.15,78.15,24,203.65,3.32,89.68
2022-08-12,166.05,137.2,93,21.25,194.5,89.85,24,234.15,3.32,103.09
2022-08-15,166.05,137.2,93,24.4,223.65,103.3,24,269.25,3.32,118.49
2022-08-16,170,147.5,104,22.19,256.2,118.45,24,309.38,3.32,114.96
2022-08-17,170,140,104,22.19,259.33,117.73,24,308.54,3.32,114
2022-08-18,170,140,104,22.19,248.74,114.83,24,307.93,3.32,100
2022-08-19,170,137.3,104,22.96,247.4,114.97,24,305.52,3.8,100
2022-08-22,175,135.85,104,25.27,238.71,108.61,24,295.47,3.32,108.7
2022-08-23,200,130.43,115,25.27,228.32,100.05,24,298.37,3.5,105.5
2022-08-24,200,130.43,114.97,25.3,204.42,90.02,24,270.09,3.5,110
2022-08-25,200,130,114.97,25.3,181.05,84.69,24,269.63,3.5,100.01
2022-08-26,200,130,115,25.42,198.38,84.1,24,268.11,3.4,100
2022-08-29,200,130,132,25.49,205.35,85.05,24,270.62,3.4,100
2022-08-30,200,130,132,29.3,206.42,85.07,24,271.65,3.4,100
2022-08-31,200,130,132,29.3,212.52,85.18,24,272.18,3.83,99.95
2022-09-01,200,130,132,29.3,226.97,86.9,24,281.03,3.91,100
2022-09-02,200,130,130,32,224.25,89.81,24,281.74,3.91,100
2022-09-06,200,130,132,32,221.17,85.16,22,292.39,3.91,100
2022-09-07,200,130,132,32,220.12,85.38,21.97,294.68,3.91,100
2022-09-08,200,130,132,36.8,219.81,84.82,22,305.01,3.91,100
2022-09-09,200,135,132,42,222.35,84.37,22,306.4,3.91,100
2022-09-12,200,130.11,132,47.81,226.27,86.76,22,310.04,3.91,100
2022-09-13,200,130.67,132,49.72,230.19,84.63,22,310.66,3.91,100
2022-09-14,200.05,132.88,130,49.94,232.28,84.81,22,311.58,3.91,100
2022-09-15,200.05,132.88,130,49.75,233.9,85,22,320,3.91,102.67
2022-09-16,200.05,132.88,130,48,234.24,86.41,22,325.04,3.9,102.67
2022-09-19,200.05,132.9,130,48,240,87.03,24,325.51,3.91,100.31
2022-09-20,200.05,132.9,145,48,240.01,88.88,24,340.23,3.91,100.31
2022-09-21,200.05,132.9,145,48,239.94,88.77,24,340.37,3.91,100.47
2022-09-22,200.05,132.9,145,49.51,239.94,88.51,24,341.54,3.91,100.47
2022-09-23,200.05,132.9,145,49.75,239.76,86.77,24,340.45,3.91,100.4
2022-09-26,200.05,132.9,145,49.7,237.21,87.01,24,340.52,3.5,100.5
2022-09-27,200.05,132,140,49.7,236.14,85.3,24,335.36,3.91,100.5
2022-09-28,200.05,132.75,140,49.7,229.14,81.99,24,334.96,3.91,100.5
2022-09-29,200.05,130,140,49.7,213.58,81.46,24,329.08,3.91,100.5
2022-09-30,200.05,130,140,49.75,212.04,80.39,24,327.59,3.91,100
2022-10-03,200.05,130,140,49.75,200.99,75,24,321.63,3.91,100
2022-10-04,200.05,130,140,49.75,200.39,69.99,24,320.16,3.91,100
2022-10-05,200.05,120,140,47,196.14,71.98,22.4,311.66,3.91,100
2022-10-06,200.05,120,140,47,197.93,69.53,22.4,312.06,3.91,100
2022-10-07,200.05,119.55,140,47,200.36,69.27,22.4,312.06,3.91,100
2022-10-10,200.05,120,140,47,200.64,69.4,22.4,312.05,4,101
2022-10-11,200.05,120,140,47,201.3,69.62,22.6,312.19,4,100
2022-10-12,200.05,122.5,140,47,214.48,69.71,22.65,319.24,4,100
2022-10-13,200.05,122.5,140,47,217.53,69.61,22.65,321.24,4,100
2022-10-14,200.05,122.5,140,47,220.33,69.73,22.65,321.08,4,100.05
2022-10-17,200.05,122,140,45,228.24,70.75,22.65,320.5,4,100.05
2022-10-18,200.05,122,140,41.67,232.25,71.15,22.65,344.6,4,100.05
2022-10-19,200.05,122,140,39.97,235.26,72.02,22.65,345.07,4,100.05
2022-10-20,200.05,125,140,39.97,241.55,72.05,22.65,346.05,4,101.05
2022-10-21,200.05,128.05,140,40,244.22,72.63,22.65,346.98,4,101.04
2022-10-24,200.05,128.05,140,35.93,244.99,73.43,22.65,348.15,3.95,101.17
2022-10-25,200.05,124,140,35.93,245,73.74,22.65,345.8,3.95,101
2022-10-26,200.05,124,140,37.01,244.95,74.67,22.65,345.04,3.95,101
2022-10-27,200.05,123.95,140,37,244.56,74.07,22.65,344.58,3.95,101
2022-10-28,200.05,123.95,140,37,244.19,74.05,22.65,344.08,3.95,102.33
2022-10-31,200.05,123.95,140,37,245.43,78.38,22.65,344.96,3.95,102
2022-11-01,200.05,123.02,140,37,245.54,75.27,22.65,345.41,3.95,102
2022-11-02,200.05,124,140,31.45,245.15,75.04,22.65,350.04,3.95,102
2022-11-03,200.05,124,72.1,31.45,251.77,75.49,22.65,353.47,3.95,102
2022-11-04,200.05,124.02,69.11,31.45,265.36,75,22.65,363.82,3.95,102
2022-11-07,200.05,124.02,69.61,31.45,285.63,75.56,24,380.76,3.95,102
2022-11-08,200.05,124,69.61,31.5,298.25,75.29,24,437,3.95,101.03
2022-11-09,200.1,124,69.61,31.5,310.95,77.28,24,451.98,3.95,102
2022-11-10,200.1,124,69.61,31.5,338.89,80.2,24,519.11,3.95,102
2022-11-11,200.1,124,69.61,31.5,354.92,89.64,24,561.74,3.95,102
2022-11-14,200.1,124,71.1,31.5,359.85,84.15,24,625.06,3.95,103.93
2022-11-15,200.1,135,74.52,35,359.77,96.28,24,713.67,3.95,112
